,date,frequency,happiness,normed_happiness,week_start
37,2012-12-31,161075940.0,6.1,0.6089965397923872,2012-12-31
38,2013-01-02,164005451.0,5.944,0.3391003460207611,2012-12-31
39,2013-01-03,159541965.0,5.946,0.3425605536332175,2012-12-31
40,2013-01-04,151858210.0,5.966,0.3771626297577858,2012-12-31
41,2013-01-05,151598054.0,5.963,0.3719723183391005,2012-12-31
42,2013-01-06,166866281.0,5.94,0.3321799307958484,2012-12-31
43,2013-01-07,168252472.0,5.943,0.33737024221453216,2013-01-07
44,2013-01-08,152089386.0,5.948,0.3460207612456754,2013-01-07
45,2013-01-09,91765525.0,5.971,0.3858131487889275,2013-01-07
46,2013-01-10,149304743.0,5.949,0.34775086505190284,2013-01-07
47,2013-01-11,137626118.0,5.987,0.41349480968858154,2013-01-07
48,2013-01-12,148525567.0,5.998,0.4325259515570939,2013-01-07
49,2013-01-13,165152750.0,5.965,0.37543252595155685,2013-01-07
50,2013-01-14,154445443.0,5.946,0.3425605536332175,2013-01-14
51,2013-01-15,152940562.0,5.947,0.3442906574394465,2013-01-14
52,2013-01-17,148716458.0,5.953,0.3546712802768171,2013-01-14
53,2013-01-18,139129047.0,5.976,0.3944636678200692,2013-01-14
54,2013-01-19,139118253.0,5.982,0.4048442906574398,2013-01-14
55,2013-01-20,165259953.0,5.95,0.3494809688581318,2013-01-14
56,2013-01-21,151466028.0,5.947,0.3442906574394465,2013-01-21
57,2013-01-22,158559848.0,5.938,0.3287197231833905,2013-01-21
58,2013-01-23,156059937.0,5.942,0.33564013840830476,2013-01-21
59,2013-01-24,151526635.0,5.956,0.3598615916955024,2013-01-21
60,2013-01-25,141855603.0,5.977,0.39619377162629815,2013-01-21
61,2013-01-26,137588294.0,5.984,0.40830449826989623,2013-01-21
62,2013-01-27,162437051.0,5.958,0.36332179930795877,2013-01-21
63,2013-01-28,157666645.0,5.95,0.3494809688581318,2013-01-28
64,2013-01-29,150724833.0,5.959,0.3650519031141862,2013-01-28
65,2013-01-30,150973693.0,5.95,0.3494809688581318,2013-01-28
66,2013-02-01,133010075.0,6.016,0.46366782006920426,2013-01-28
67,2013-02-02,133437354.0,5.995,0.4273356401384085,2013-01-28
68,2013-02-03,182717514.0,5.986,0.4117647058823526,2013-01-28
69,2013-02-04,145546761.0,5.956,0.3598615916955024,2013-02-04
70,2013-02-05,148722898.0,5.96,0.3667820069204152,2013-02-04
71,2013-02-06,151726183.0,5.971,0.3858131487889275,2013-02-04
72,2013-02-07,143845558.0,5.964,0.37370242214532945,2013-02-04
73,2013-02-08,139381150.0,5.985,0.4100346020761252,2013-02-04
74,2013-02-09,139228316.0,5.995,0.4273356401384085,2013-02-04
75,2013-02-10,176556354.0,5.991,0.42041522491349426,2013-02-04
76,2013-02-11,156957698.0,5.965,0.37543252595155685,2013-02-11
77,2013-02-12,155921392.0,5.959,0.3650519031141862,2013-02-11
78,2013-02-13,149774083.0,6.005,0.4446366782006919,2013-02-11
79,2013-02-14,140636200.0,6.123,0.6487889273356409,2013-02-11
80,2013-02-16,135225322.0,5.994,0.42560553633217957,2013-02-11
81,2013-02-17,149175650.0,5.98,0.40138408304498346,2013-02-11
82,2013-02-18,156224292.0,5.961,0.36851211072664414,2013-02-18
83,2013-02-19,155686653.0,5.954,0.3564013840830445,2013-02-18
84,2013-02-20,158774814.0,5.968,0.38062283737024216,2013-02-18
85,2013-02-21,151791773.0,5.963,0.3719723183391005,2013-02-18
86,2013-02-22,141865159.0,5.986,0.4117647058823526,2013-02-18
87,2013-02-23,142637969.0,5.994,0.42560553633217957,2013-02-18
88,2013-02-24,165305975.0,5.979,0.3996539792387545,2013-02-18
89,2013-02-25,153822344.0,5.957,0.3615916955017298,2013-02-25
90,2013-02-26,149409562.0,5.954,0.3564013840830445,2013-02-25
91,2013-02-27,145981482.0,5.958,0.36332179930795877,2013-02-25
92,2013-02-28,142794605.0,5.984,0.40830449826989623,2013-02-25
93,2013-03-01,135954282.0,6.031,0.4896193771626294,2013-02-25
94,2013-03-02,134569250.0,6.004,0.44290657439446296,2013-02-25
95,2013-03-03,151857057.0,5.969,0.3823529411764711,2013-02-25
96,2013-03-04,146360747.0,5.961,0.36851211072664414,2013-03-04
97,2013-03-05,153374118.0,5.948,0.3460207612456754,2013-03-04
98,2013-03-06,154093097.0,5.962,0.37024221453287154,2013-03-04
99,2013-03-07,146920032.0,5.967,0.3788927335640132,2013-03-04
100,2013-03-08,141167408.0,6.006,0.44636678200692087,2013-03-04
101,2013-03-09,138729695.0,6.003,0.44117647058823556,2013-03-04
102,2013-03-10,148704899.0,5.994,0.42560553633217957,2013-03-04
103,2013-03-11,154292953.0,5.963,0.3719723183391005,2013-03-11
104,2013-03-12,152014103.0,5.962,0.37024221453287154,2013-03-11
105,2013-03-13,152388363.0,5.97,0.3840830449826986,2013-03-11
106,2013-03-14,146983621.0,5.975,0.39273356401384024,2013-03-11
107,2013-03-15,140449849.0,5.993,0.42387543252595217,2013-03-11
108,2013-03-16,139429815.0,5.993,0.42387543252595217,2013-03-11
109,2013-03-17,159578008.0,5.988,0.4152249134948105,2013-03-11
110,2013-03-18,161603580.0,5.958,0.36332179930795877,2013-03-18
111,2013-03-19,154163848.0,5.951,0.3512110726643592,2013-03-18
112,2013-03-20,151613291.0,5.966,0.3771626297577858,2013-03-18
113,2013-03-21,150006494.0,5.974,0.39100346020761284,2013-03-18
114,2013-03-22,143654258.0,5.996,0.4290657439446375,2013-03-18
115,2013-03-23,144166235.0,5.991,0.42041522491349426,2013-03-18
116,2013-03-24,160388226.0,5.97,0.3840830449826986,2013-03-18
117,2013-03-25,160906922.0,5.965,0.37543252595155685,2013-03-25
118,2013-03-26,157408551.0,5.969,0.3823529411764711,2013-03-25
119,2013-03-27,155884943.0,5.969,0.3823529411764711,2013-03-25
120,2013-03-28,149912263.0,5.993,0.42387543252595217,2013-03-25
121,2013-03-29,146752553.0,5.999,0.4342560553633213,2013-03-25
122,2013-03-30,140773295.0,6.0,0.43598615916955025,2013-03-25
123,2013-03-31,155868783.0,6.012,0.45674740484429,2013-03-25
124,2013-04-01,163436100.0,5.96,0.3667820069204152,2013-04-01
125,2013-04-02,156049206.0,5.967,0.3788927335640132,2013-04-01
126,2013-04-03,158675491.0,5.947,0.3442906574394465,2013-04-01
127,2013-04-04,155803652.0,5.961,0.36851211072664414,2013-04-01
128,2013-04-05,143261092.0,5.983,0.4065743944636673,2013-04-01
129,2013-04-06,139309694.0,5.995,0.4273356401384085,2013-04-01
130,2013-04-07,160483320.0,5.977,0.39619377162629815,2013-04-01
131,2013-04-08,162707159.0,5.957,0.3615916955017298,2013-04-08
132,2013-04-09,152978883.0,5.966,0.3771626297577858,2013-04-08
133,2013-04-10,150721336.0,5.966,0.3771626297577858,2013-04-08
134,2013-04-11,147639788.0,5.965,0.37543252595155685,2013-04-08
135,2013-04-12,138008795.0,5.993,0.42387543252595217,2013-04-08
136,2013-04-13,134115380.0,5.99,0.41868512110726686,2013-04-08
137,2013-04-14,150724538.0,5.978,0.39792387543252555,2013-04-08
138,2013-04-15,163478545.0,5.891,0.24740484429065734,2013-04-15
139,2013-04-16,147961063.0,5.945,0.34083044982699007,2013-04-15
140,2013-04-17,144229258.0,5.952,0.35294117647058815,2013-04-15
141,2013-04-18,136564852.0,5.965,0.37543252595155685,2013-04-15
142,2013-04-19,137490114.0,5.932,0.31833910034602136,2013-04-15
143,2013-04-20,123288237.0,5.999,0.4342560553633213,2013-04-15
144,2013-04-21,140066379.0,5.98,0.40138408304498346,2013-04-15
145,2013-04-22,143054238.0,5.969,0.3823529411764711,2013-04-22
146,2013-04-23,137839571.0,5.968,0.38062283737024216,2013-04-22
147,2013-04-24,141836030.0,5.97,0.3840830449826986,2013-04-22
148,2013-04-25,137336700.0,5.98,0.40138408304498346,2013-04-22
149,2013-04-26,124919388.0,6.0,0.43598615916955025,2013-04-22
150,2013-04-27,121538594.0,6.006,0.44636678200692087,2013-04-22
151,2013-04-28,140241336.0,5.978,0.39792387543252555,2013-04-22
152,2013-04-29,140312074.0,5.966,0.3771626297577858,2013-04-29
153,2013-04-30,138288057.0,5.974,0.39100346020761284,2013-04-29
154,2013-05-01,141574499.0,5.979,0.3996539792387545,2013-04-29
155,2013-05-02,139863267.0,5.983,0.4065743944636673,2013-04-29
156,2013-05-03,130056162.0,6.006,0.44636678200692087,2013-04-29
157,2013-05-04,127340717.0,6.002,0.4394463667820066,2013-04-29
158,2013-05-05,144510165.0,5.981,0.40311418685121087,2013-04-29
159,2013-05-06,147900640.0,5.965,0.37543252595155685,2013-05-06
160,2013-05-07,146290162.0,5.964,0.37370242214532945,2013-05-06
161,2013-05-08,152576495.0,5.973,0.3892733564013839,2013-05-06
162,2013-05-09,145071426.0,5.98,0.40138408304498346,2013-05-06
163,2013-05-10,130157462.0,6.002,0.4394463667820066,2013-05-06
164,2013-05-11,131059226.0,6.02,0.47058823529411703,2013-05-06
165,2013-05-12,143649541.0,6.077,0.5692041522491351,2013-05-06
166,2013-05-13,147283108.0,5.978,0.39792387543252555,2013-05-13
167,2013-05-14,142741326.0,5.973,0.3892733564013839,2013-05-13
168,2013-05-15,145249707.0,5.97,0.3840830449826986,2013-05-13
169,2013-05-16,143722054.0,5.976,0.3944636678200692,2013-05-13
170,2013-05-17,126261663.0,6.007,0.4480968858131483,2013-05-13
171,2013-05-18,127683024.0,6.011,0.4550173010380626,2013-05-13
172,2013-05-19,149877894.0,5.995,0.4273356401384085,2013-05-13
173,2013-05-20,147674631.0,5.973,0.3892733564013839,2013-05-20
174,2013-05-21,179569286.0,5.951,0.3512110726643592,2013-05-20
175,2013-05-22,147116785.0,5.946,0.3425605536332175,2013-05-20
176,2013-05-23,138578520.0,5.965,0.37543252595155685,2013-05-20
177,2013-05-24,129790547.0,6.002,0.4394463667820066,2013-05-20
178,2013-05-25,128645621.0,6.025,0.47923875432526025,2013-05-20
179,2013-05-26,128014119.0,5.994,0.42560553633217957,2013-05-20
180,2013-05-27,142901632.0,5.987,0.41349480968858154,2013-05-27
181,2013-05-28,152681868.0,5.963,0.3719723183391005,2013-05-27
182,2013-05-29,149283102.0,5.972,0.38754325259515643,2013-05-27
183,2013-05-30,146576621.0,5.978,0.39792387543252555,2013-05-27
184,2013-05-31,135658982.0,5.997,0.43079584775086494,2013-05-27
185,2013-06-01,130007360.0,6.001,0.4377162629757792,2013-05-27
186,2013-06-02,143062601.0,5.982,0.4048442906574398,2013-05-27
187,2013-06-03,145262603.0,5.959,0.3650519031141862,2013-06-03
188,2013-06-04,146983161.0,5.974,0.39100346020761284,2013-06-03
189,2013-06-05,146495696.0,5.98,0.40138408304498346,2013-06-03
190,2013-06-06,148309056.0,5.981,0.40311418685121087,2013-06-03
191,2013-06-07,139029460.0,5.997,0.43079584775086494,2013-06-03
192,2013-06-08,129702027.0,6.019,0.4688581314878896,2013-06-03
193,2013-06-09,141167365.0,5.988,0.4152249134948105,2013-06-03
194,2013-06-10,152639496.0,5.97,0.3840830449826986,2013-06-10
195,2013-06-11,149479022.0,5.962,0.37024221453287154,2013-06-10
196,2013-06-13,147862450.0,5.967,0.3788927335640132,2013-06-10
197,2013-06-14,134713230.0,6.008,0.4498269896193773,2013-06-10
198,2013-06-16,144368521.0,6.058,0.5363321799307957,2013-06-10
199,2013-06-17,143730055.0,5.975,0.39273356401384024,2013-06-17
200,2013-06-18,155028135.0,5.961,0.36851211072664414,2013-06-17
201,2013-06-19,150143521.0,5.964,0.37370242214532945,2013-06-17
202,2013-06-20,153707503.0,5.961,0.36851211072664414,2013-06-17
203,2013-06-21,141470861.0,5.988,0.4152249134948105,2013-06-17
204,2013-06-22,128368631.0,6.0,0.43598615916955025,2013-06-17
205,2013-06-23,141857466.0,5.985,0.4100346020761252,2013-06-17
206,2013-06-24,151585837.0,5.966,0.3771626297577858,2013-06-24
207,2013-06-25,153869186.0,5.978,0.39792387543252555,2013-06-24
208,2013-06-26,158767249.0,5.969,0.3823529411764711,2013-06-24
209,2013-06-27,155550877.0,5.972,0.38754325259515643,2013-06-24
210,2013-06-28,145443570.0,5.993,0.42387543252595217,2013-06-24
211,2013-06-29,130827630.0,5.997,0.43079584775086494,2013-06-24
212,2013-07-01,150916782.0,5.98,0.40138408304498346,2013-07-01
213,2013-07-03,147209809.0,5.978,0.39792387543252555,2013-07-01
214,2013-07-04,134659155.0,6.04,0.5051903114186853,2013-07-01
215,2013-07-06,131875915.0,5.989,0.4169550173010379,2013-07-01
216,2013-07-07,143923995.0,5.993,0.42387543252595217,2013-07-01
217,2013-07-08,155182206.0,5.965,0.37543252595155685,2013-07-08
218,2013-07-09,156378087.0,5.984,0.40830449826989623,2013-07-08
219,2013-07-10,155584819.0,5.98,0.40138408304498346,2013-07-08
220,2013-07-11,153036104.0,5.987,0.41349480968858154,2013-07-08
221,2013-07-12,145418318.0,5.982,0.4048442906574398,2013-07-08
222,2013-07-13,146130305.0,5.923,0.30276816608996543,2013-07-08
223,2013-07-14,152417419.0,5.931,0.3166089965397924,2013-07-08
224,2013-07-15,156150744.0,5.978,0.39792387543252555,2013-07-15
225,2013-07-16,149820373.0,5.991,0.42041522491349426,2013-07-15
226,2013-07-17,154013944.0,5.986,0.4117647058823526,2013-07-15
227,2013-07-18,156180300.0,5.988,0.4152249134948105,2013-07-15
228,2013-07-19,146921026.0,6.0,0.43598615916955025,2013-07-15
229,2013-07-21,144913598.0,5.981,0.40311418685121087,2013-07-15
230,2013-07-22,164938090.0,6.0,0.43598615916955025,2013-07-22
231,2013-07-23,172866762.0,6.008,0.4498269896193773,2013-07-22
232,2013-07-24,159718733.0,5.986,0.4117647058823526,2013-07-22
233,2013-07-25,154138295.0,5.987,0.41349480968858154,2013-07-22
234,2013-07-26,145511348.0,5.992,0.4221453287197232,2013-07-22
235,2013-07-27,133192861.0,5.983,0.4065743944636673,2013-07-22
236,2013-07-28,142895995.0,5.984,0.40830449826989623,2013-07-22
237,2013-07-29,152926485.0,5.972,0.38754325259515643,2013-07-29
238,2013-07-30,153950443.0,5.974,0.39100346020761284,2013-07-29
239,2013-07-31,153385510.0,5.984,0.40830449826989623,2013-07-29
240,2013-08-01,153077537.0,5.993,0.42387543252595217,2013-07-29
241,2013-08-02,142259102.0,5.991,0.42041522491349426,2013-07-29
242,2013-08-03,133847954.0,6.004,0.44290657439446296,2013-07-29
243,2013-08-05,163563642.0,5.992,0.4221453287197232,2013-08-05
244,2013-08-06,161396180.0,5.977,0.39619377162629815,2013-08-05
245,2013-08-07,157968244.0,5.98,0.40138408304498346,2013-08-05
246,2013-08-08,154267889.0,5.984,0.40830449826989623,2013-08-05
247,2013-08-09,146452604.0,5.992,0.4221453287197232,2013-08-05
248,2013-08-10,136508964.0,5.99,0.41868512110726686,2013-08-05
249,2013-08-11,156204647.0,5.995,0.4273356401384085,2013-08-05
250,2013-08-12,163116500.0,5.984,0.40830449826989623,2013-08-12
251,2013-08-13,164320442.0,5.974,0.39100346020761284,2013-08-12
252,2013-08-14,162356624.0,5.99,0.41868512110726686,2013-08-12
253,2013-08-15,156967986.0,5.984,0.40830449826989623,2013-08-12
254,2013-08-16,148561288.0,6.002,0.4394463667820066,2013-08-12
255,2013-08-17,142837353.0,6.0,0.43598615916955025,2013-08-12
256,2013-08-18,151644128.0,5.982,0.4048442906574398,2013-08-12
257,2013-08-20,156621132.0,6.001,0.4377162629757792,2013-08-19
258,2013-08-21,154198717.0,5.979,0.3996539792387545,2013-08-19
259,2013-08-22,150628740.0,5.986,0.4117647058823526,2013-08-19
260,2013-08-23,139809113.0,6.005,0.4446366782006919,2013-08-19
261,2013-08-24,132348293.0,6.006,0.44636678200692087,2013-08-19
262,2013-08-25,173575533.0,5.99,0.41868512110726686,2013-08-19
263,2013-08-26,151873042.0,5.996,0.4290657439446375,2013-08-26
264,2013-08-27,147661287.0,5.976,0.3944636678200692,2013-08-26
265,2013-08-28,152913631.0,5.996,0.4290657439446375,2013-08-26
266,2013-08-29,150396839.0,6.017,0.4653979238754332,2013-08-26
267,2013-08-30,138497664.0,6.009,0.45155709342560624,2013-08-26
268,2013-08-31,137960123.0,6.003,0.44117647058823556,2013-08-26
269,2013-09-01,146464287.0,5.997,0.43079584775086494,2013-08-26
270,2013-09-02,163001198.0,5.987,0.41349480968858154,2013-09-02
271,2013-09-04,144127615.0,5.978,0.39792387543252555,2013-09-02
272,2013-09-05,140587570.0,5.986,0.4117647058823526,2013-09-02
273,2013-09-06,132157649.0,6.018,0.4671280276816606,2013-09-02
274,2013-09-07,135593999.0,6.01,0.45328719723183364,2013-09-02
275,2013-09-08,155370736.0,5.986,0.4117647058823526,2013-09-02
276,2013-09-09,147324303.0,5.956,0.3598615916955024,2013-09-09
277,2013-09-10,144438377.0,5.97,0.3840830449826986,2013-09-09
278,2013-09-11,142417473.0,5.959,0.3650519031141862,2013-09-09
279,2013-09-12,138503530.0,5.993,0.42387543252595217,2013-09-09
280,2013-09-13,130247962.0,6.043,0.5103806228373706,2013-09-09
281,2013-09-14,133299503.0,6.009,0.45155709342560624,2013-09-09
282,2013-09-15,153556694.0,5.971,0.3858131487889275,2013-09-09
283,2013-09-16,147803350.0,5.966,0.3771626297577858,2013-09-16
284,2013-09-17,142834286.0,5.983,0.4065743944636673,2013-09-16
285,2013-09-19,131416390.0,5.99,0.41868512110726686,2013-09-16
286,2013-09-20,124603771.0,6.016,0.46366782006920426,2013-09-16
287,2013-09-21,129910862.0,6.006,0.44636678200692087,2013-09-16
288,2013-09-22,149095792.0,5.983,0.4065743944636673,2013-09-16
289,2013-09-23,139383937.0,5.973,0.3892733564013839,2013-09-23
290,2013-09-24,136716431.0,5.97,0.3840830449826986,2013-09-23
291,2013-09-25,135432134.0,5.977,0.39619377162629815,2013-09-23
292,2013-09-26,131357316.0,5.986,0.4117647058823526,2013-09-23
293,2013-09-27,122581081.0,6.019,0.4688581314878896,2013-09-23
294,2013-09-28,125769560.0,6.014,0.4602076124567479,2013-09-23
295,2013-09-29,143537163.0,5.967,0.3788927335640132,2013-09-23
296,2013-09-30,138704540.0,5.965,0.37543252595155685,2013-09-30
297,2013-10-01,139356201.0,5.96,0.3667820069204152,2013-09-30
298,2013-10-02,134790978.0,5.977,0.39619377162629815,2013-09-30
299,2013-10-04,118378170.0,6.012,0.45674740484429,2013-09-30
300,2013-10-05,122131897.0,6.016,0.46366782006920426,2013-09-30
301,2013-10-06,145968635.0,5.999,0.4342560553633213,2013-09-30
302,2013-10-07,140586392.0,5.972,0.38754325259515643,2013-10-07
303,2013-10-08,134970357.0,5.98,0.40138408304498346,2013-10-07
304,2013-10-09,133156860.0,5.98,0.40138408304498346,2013-10-07
305,2013-10-10,130303786.0,5.994,0.42560553633217957,2013-10-07
306,2013-10-11,122996173.0,6.01,0.45328719723183364,2013-10-07
307,2013-10-12,123561854.0,6.013,0.45847750865051895,2013-10-07
308,2013-10-13,141226145.0,5.984,0.40830449826989623,2013-10-07
309,2013-10-14,143573221.0,5.993,0.42387543252595217,2013-10-14
310,2013-10-15,138572138.0,5.98,0.40138408304498346,2013-10-14
311,2013-10-16,132882986.0,5.982,0.4048442906574398,2013-10-14
312,2013-10-17,130124537.0,5.987,0.41349480968858154,2013-10-14
313,2013-10-19,120944799.0,6.015,0.4619377162629753,2013-10-14
314,2013-10-20,137588787.0,5.99,0.41868512110726686,2013-10-14
315,2013-10-21,141572400.0,5.986,0.4117647058823526,2013-10-21
316,2013-10-22,135131847.0,5.987,0.41349480968858154,2013-10-21
317,2013-10-23,133664080.0,5.99,0.41868512110726686,2013-10-21
318,2013-10-24,129039293.0,5.998,0.4325259515570939,2013-10-21
319,2013-10-25,120073036.0,6.032,0.49134948096885833,2013-10-21
320,2013-10-26,118855297.0,6.024,0.4775086505190313,2013-10-21
321,2013-10-27,153178303.0,6.032,0.49134948096885833,2013-10-21
322,2013-10-28,142465009.0,6.0,0.43598615916955025,2013-10-28
323,2013-10-29,141272772.0,6.009,0.45155709342560624,2013-10-28
324,2013-10-30,141488614.0,6.004,0.44290657439446296,2013-10-28
325,2013-10-31,127241014.0,6.041,0.5069204152249143,2013-10-28
326,2013-11-01,123946390.0,6.023,0.47577854671280234,2013-10-28
327,2013-11-03,148273230.0,6.016,0.46366782006920426,2013-10-28
328,2013-11-04,141686287.0,5.986,0.4117647058823526,2013-11-04
329,2013-11-05,140501493.0,5.99,0.41868512110726686,2013-11-04
330,2013-11-06,140897699.0,5.995,0.4273356401384085,2013-11-04
331,2013-11-07,132792316.0,5.996,0.4290657439446375,2013-11-04
332,2013-11-08,126266735.0,6.026,0.48096885813148765,2013-11-04
333,2013-11-09,137423386.0,6.017,0.4653979238754332,2013-11-04
334,2013-11-10,166472539.0,5.999,0.4342560553633213,2013-11-04
335,2013-11-11,143494358.0,5.997,0.43079584775086494,2013-11-11
336,2013-11-12,139160124.0,5.999,0.4342560553633213,2013-11-11
337,2013-11-13,136311427.0,5.996,0.4290657439446375,2013-11-11
338,2013-11-14,132819817.0,5.997,0.43079584775086494,2013-11-11
339,2013-11-15,124470878.0,6.03,0.4878892733564019,2013-11-11
340,2013-11-16,125541510.0,6.027,0.4826989619377166,2013-11-11
341,2013-11-17,147385142.0,5.989,0.4169550173010379,2013-11-11
342,2013-11-18,144284642.0,5.991,0.42041522491349426,2013-11-18
343,2013-11-19,141435660.0,6.0,0.43598615916955025,2013-11-18
344,2013-11-20,129940463.0,6.006,0.44636678200692087,2013-11-18
345,2013-11-21,135181193.0,5.996,0.4290657439446375,2013-11-18
346,2013-11-22,129176797.0,6.036,0.49826989619377104,2013-11-18
347,2013-11-23,142721612.0,6.04,0.5051903114186853,2013-11-18
348,2013-11-24,154415640.0,6.006,0.44636678200692087,2013-11-18
349,2013-11-25,141974060.0,6.003,0.44117647058823556,2013-11-25
350,2013-11-26,138231637.0,5.996,0.4290657439446375,2013-11-25
351,2013-11-27,136810361.0,6.014,0.4602076124567479,2013-11-25
352,2013-11-28,135054502.0,6.156,0.7058823529411763,2013-11-25
353,2013-11-29,123745329.0,6.039,0.5034602076124564,2013-11-25
354,2013-11-30,139348093.0,5.976,0.3944636678200692,2013-11-25
355,2013-12-01,154817054.0,5.96,0.3667820069204152,2013-11-25
356,2013-12-02,143819254.0,5.994,0.42560553633217957,2013-12-02
357,2013-12-03,139029281.0,5.998,0.4325259515570939,2013-12-02
358,2013-12-04,140932509.0,6.007,0.4480968858131483,2013-12-02
359,2013-12-05,146559692.0,5.985,0.4100346020761252,2013-12-02
360,2013-12-06,131821352.0,6.017,0.4653979238754332,2013-12-02
361,2013-12-07,131755938.0,6.019,0.4688581314878896,2013-12-02
362,2013-12-08,153673764.0,6.003,0.44117647058823556,2013-12-02
363,2013-12-09,141853857.0,5.987,0.41349480968858154,2013-12-09
364,2013-12-10,144457858.0,6.0,0.43598615916955025,2013-12-09
365,2013-12-11,134298141.0,6.007,0.4480968858131483,2013-12-09
366,2013-12-12,129389463.0,6.004,0.44290657439446296,2013-12-09
367,2013-12-13,122104515.0,6.036,0.49826989619377104,2013-12-09
368,2013-12-14,125125169.0,6.03,0.4878892733564019,2013-12-09
369,2013-12-15,141706268.0,6.013,0.45847750865051895,2013-12-09
370,2013-12-16,135785241.0,6.006,0.44636678200692087,2013-12-16
371,2013-12-17,135696704.0,6.017,0.4653979238754332,2013-12-16
372,2013-12-18,134216030.0,6.018,0.4671280276816606,2013-12-16
373,2013-12-19,131420593.0,6.021,0.472318339100346,2013-12-16
374,2013-12-20,124547776.0,6.049,0.5207612456747412,2013-12-16
375,2013-12-21,122040425.0,6.056,0.5328719723183394,2013-12-16
376,2013-12-22,133064399.0,6.03,0.4878892733564019,2013-12-16
377,2013-12-23,141518383.0,6.061,0.541522491349481,2013-12-23
378,2013-12-24,142703405.0,6.205,0.7906574394463673,2013-12-23
379,2013-12-25,132373544.0,6.282,0.9238754325259522,2013-12-23
380,2013-12-26,124552335.0,6.057,0.5346020761245683,2013-12-23
381,2013-12-27,130292520.0,6.02,0.47058823529411703,2013-12-23
382,2013-12-28,128304551.0,6.008,0.4498269896193773,2013-12-23
383,2013-12-29,147477185.0,5.987,0.41349480968858154,2013-12-23
384,2013-12-30,148697416.0,6.003,0.44117647058823556,2013-12-30
385,2013-12-31,150556230.0,6.125,0.6522491349480972,2013-12-30
386,2014-01-01,144687610.0,6.081,0.5761245674740494,2013-12-30
387,2014-01-02,149549273.0,5.988,0.4152249134948105,2013-12-30
388,2014-01-03,146992058.0,5.989,0.4169550173010379,2013-12-30
389,2014-01-04,143770147.0,5.983,0.4065743944636673,2013-12-30
390,2014-01-05,154558855.0,5.961,0.36851211072664414,2013-12-30
391,2014-01-06,156968858.0,5.962,0.37024221453287154,2014-01-06
392,2014-01-07,151901009.0,5.967,0.3788927335640132,2014-01-06
393,2014-01-08,144508421.0,5.977,0.39619377162629815,2014-01-06
394,2014-01-09,136338220.0,5.998,0.4325259515570939,2014-01-06
395,2014-01-10,129046969.0,6.011,0.4550173010380626,2014-01-06
396,2014-01-11,134269476.0,6.019,0.4688581314878896,2014-01-06
397,2014-01-12,150207089.0,6.023,0.47577854671280234,2014-01-06
398,2014-01-13,140587828.0,6.005,0.4446366782006919,2014-01-13
399,2014-01-14,133378051.0,5.971,0.3858131487889275,2014-01-13
400,2014-01-15,132861135.0,5.98,0.40138408304498346,2014-01-13
401,2014-01-16,133547025.0,5.986,0.4117647058823526,2014-01-13
402,2014-01-17,125294116.0,6.016,0.46366782006920426,2014-01-13
403,2014-01-18,129900162.0,6.015,0.4619377162629753,2014-01-13
404,2014-01-19,154101910.0,5.976,0.3944636678200692,2014-01-13
405,2014-01-20,148083950.0,5.99,0.41868512110726686,2014-01-20
406,2014-01-21,148811476.0,5.976,0.3944636678200692,2014-01-20
407,2014-01-22,146172330.0,5.979,0.3996539792387545,2014-01-20
408,2014-01-23,147631222.0,5.945,0.34083044982699007,2014-01-20
409,2014-01-24,137492207.0,6.001,0.4377162629757792,2014-01-20
410,2014-01-25,133630835.0,6.011,0.4550173010380626,2014-01-20
411,2014-01-26,162760292.0,6.005,0.4446366782006919,2014-01-20
412,2014-01-27,145968340.0,5.984,0.40830449826989623,2014-01-27
413,2014-01-28,152808834.0,5.985,0.4100346020761252,2014-01-27
414,2014-01-29,148495463.0,5.984,0.40830449826989623,2014-01-27
415,2014-01-30,138861915.0,5.998,0.4325259515570939,2014-01-27
416,2014-01-31,133610004.0,6.035,0.49653979238754364,2014-01-27
417,2014-02-01,131914174.0,6.047,0.5173010380622833,2014-01-27
418,2014-02-02,169257714.0,6.026,0.48096885813148765,2014-01-27
419,2014-02-03,147263957.0,6.003,0.44117647058823556,2014-02-03
420,2014-02-04,142210406.0,6.002,0.4394463667820066,2014-02-03
421,2014-02-05,147746077.0,6.006,0.44636678200692087,2014-02-03
422,2014-02-06,138671407.0,6.003,0.44117647058823556,2014-02-03
423,2014-02-07,128202731.0,6.035,0.49653979238754364,2014-02-03
424,2014-02-08,130331613.0,6.032,0.49134948096885833,2014-02-03
425,2014-02-09,145569435.0,6.0,0.43598615916955025,2014-02-03
426,2014-02-10,142578592.0,6.008,0.4498269896193773,2014-02-10
427,2014-02-11,139041110.0,6.007,0.4480968858131483,2014-02-10
428,2014-02-12,143207349.0,6.014,0.4602076124567479,2014-02-10
429,2014-02-13,141735227.0,6.031,0.4896193771626294,2014-02-10
430,2014-02-14,134150782.0,6.18,0.7474048442906573,2014-02-10
431,2014-02-15,129060177.0,6.051,0.5242214532871977,2014-02-10
432,2014-02-16,135689655.0,6.02,0.47058823529411703,2014-02-10
433,2014-02-17,141530978.0,6.006,0.44636678200692087,2014-02-17
434,2014-02-18,143084094.0,5.997,0.43079584775086494,2014-02-17
435,2014-02-19,146611188.0,6.014,0.4602076124567479,2014-02-17
436,2014-02-20,141019586.0,6.012,0.45674740484429,2014-02-17
437,2014-02-21,129731232.0,6.035,0.49653979238754364,2014-02-17
438,2014-02-22,126529173.0,6.036,0.49826989619377104,2014-02-17
439,2014-02-23,140854597.0,6.018,0.4671280276816606,2014-02-17
440,2014-02-24,140753322.0,6.014,0.4602076124567479,2014-02-24
441,2014-02-25,138648092.0,6.001,0.4377162629757792,2014-02-24
442,2014-02-26,138390654.0,6.015,0.4619377162629753,2014-02-24
443,2014-02-27,133716876.0,6.012,0.45674740484429,2014-02-24
444,2014-02-28,126740355.0,6.052,0.5259515570934251,2014-02-24
445,2014-03-01,129689156.0,6.082,0.5778546712802768,2014-02-24
446,2014-03-02,153864770.0,6.037,0.5,2014-02-24
447,2014-03-03,144970606.0,6.007,0.4480968858131483,2014-03-03
448,2014-03-04,141087446.0,6.011,0.4550173010380626,2014-03-03
449,2014-03-05,140927192.0,6.01,0.45328719723183364,2014-03-03
450,2014-03-06,133905931.0,6.011,0.4550173010380626,2014-03-03
451,2014-03-07,125694000.0,6.029,0.48615916955017296,2014-03-03
452,2014-03-08,131530287.0,6.048,0.5190311418685123,2014-03-03
453,2014-03-09,138609371.0,6.028,0.484429065743944,2014-03-03
454,2014-03-10,139136769.0,6.0,0.43598615916955025,2014-03-10
455,2014-03-11,131729100.0,5.992,0.4221453287197232,2014-03-10
456,2014-03-12,141413241.0,6.001,0.4377162629757792,2014-03-10
457,2014-03-13,136404925.0,6.003,0.44117647058823556,2014-03-10
458,2014-03-14,131167857.0,6.036,0.49826989619377104,2014-03-10
459,2014-03-15,132771627.0,6.054,0.529411764705883,2014-03-10
460,2014-03-17,153070212.0,6.016,0.46366782006920426,2014-03-17
461,2014-03-18,150769239.0,6.018,0.4671280276816606,2014-03-17
462,2014-03-20,140088085.0,6.033,0.4930795847750873,2014-03-17
463,2014-03-21,131691947.0,6.041,0.5069204152249143,2014-03-17
464,2014-03-22,131759192.0,6.054,0.529411764705883,2014-03-17
465,2014-03-23,145491620.0,6.011,0.4550173010380626,2014-03-17
466,2014-03-24,144101963.0,5.995,0.4273356401384085,2014-03-24
467,2014-03-25,146623255.0,5.998,0.4325259515570939,2014-03-24
468,2014-03-26,143909780.0,6.013,0.45847750865051895,2014-03-24
469,2014-03-27,141218299.0,6.018,0.4671280276816606,2014-03-24
470,2014-03-29,137327319.0,6.027,0.4826989619377166,2014-03-24
471,2014-03-30,145095217.0,6.03,0.4878892733564019,2014-03-24
472,2014-04-01,142002650.0,5.997,0.43079584775086494,2014-03-31
473,2014-04-02,137902928.0,6.008,0.4498269896193773,2014-03-31
474,2014-04-03,134711671.0,6.018,0.4671280276816606,2014-03-31
475,2014-04-04,127435207.0,6.047,0.5173010380622833,2014-03-31
476,2014-04-05,127895721.0,6.062,0.54325259515571,2014-03-31
477,2014-04-06,143355277.0,6.031,0.4896193771626294,2014-03-31
478,2014-04-07,144850703.0,6.008,0.4498269896193773,2014-04-07
479,2014-04-08,141410947.0,6.016,0.46366782006920426,2014-04-07
480,2014-04-09,137557769.0,6.01,0.45328719723183364,2014-04-07
481,2014-04-10,131572207.0,6.019,0.4688581314878896,2014-04-07
482,2014-04-11,126840554.0,6.05,0.5224913494809688,2014-04-07
483,2014-04-12,125223034.0,6.045,0.513840830449827,2014-04-07
484,2014-04-13,140079086.0,6.041,0.5069204152249143,2014-04-07
485,2014-04-14,139341465.0,6.01,0.45328719723183364,2014-04-14
486,2014-04-16,137474191.0,6.021,0.472318339100346,2014-04-14
487,2014-04-17,137956761.0,6.021,0.472318339100346,2014-04-14
488,2014-04-18,138086601.0,6.045,0.513840830449827,2014-04-14
489,2014-04-19,129500194.0,6.044,0.512110726643598,2014-04-14
490,2014-04-20,136728794.0,6.087,0.5865051903114185,2014-04-14
491,2014-04-21,145237959.0,6.025,0.47923875432526025,2014-04-21
492,2014-04-22,145868900.0,6.022,0.47404844290657494,2014-04-21
493,2014-04-23,143936313.0,6.022,0.47404844290657494,2014-04-21
494,2014-04-24,139855152.0,6.022,0.47404844290657494,2014-04-21
495,2014-04-25,135610083.0,6.043,0.5103806228373706,2014-04-21
496,2014-04-26,129433340.0,6.045,0.513840830449827,2014-04-21
497,2014-04-27,146879867.0,6.018,0.4671280276816606,2014-04-21
498,2014-04-28,145747670.0,6.001,0.4377162629757792,2014-04-28
499,2014-04-29,146101899.0,5.997,0.43079584775086494,2014-04-28
500,2014-05-01,138182496.0,6.028,0.484429065743944,2014-04-28
501,2014-05-02,125474738.0,6.042,0.5086505190311417,2014-04-28
502,2014-05-03,122916824.0,6.053,0.5276816608996541,2014-04-28
503,2014-05-04,136441098.0,6.026,0.48096885813148765,2014-04-28
504,2014-05-05,141544273.0,6.019,0.4688581314878896,2014-05-05
505,2014-05-06,134708154.0,6.017,0.4653979238754332,2014-05-05
506,2014-05-07,138176028.0,6.017,0.4653979238754332,2014-05-05
507,2014-05-08,141256205.0,6.015,0.4619377162629753,2014-05-05
508,2014-05-09,127885896.0,6.048,0.5190311418685123,2014-05-05
509,2014-05-10,128399692.0,6.076,0.5674740484429062,2014-05-05
510,2014-05-11,141641671.0,6.145,0.686851211072664,2014-05-05
511,2014-05-12,144022834.0,6.021,0.472318339100346,2014-05-12
512,2014-05-13,139463275.0,6.011,0.4550173010380626,2014-05-12
513,2014-05-14,139640132.0,6.013,0.45847750865051895,2014-05-12
514,2014-05-16,129018222.0,6.041,0.5069204152249143,2014-05-12
515,2014-05-17,127074818.0,6.066,0.5501730103806227,2014-05-12
516,2014-05-18,139922464.0,6.041,0.5069204152249143,2014-05-12
517,2014-05-19,138192883.0,6.025,0.47923875432526025,2014-05-19
518,2014-05-20,139370364.0,6.022,0.47404844290657494,2014-05-19
519,2014-05-21,136757242.0,6.022,0.47404844290657494,2014-05-19
520,2014-05-22,134996643.0,6.026,0.48096885813148765,2014-05-19
521,2014-05-23,127282438.0,6.054,0.529411764705883,2014-05-19
522,2014-05-24,126472744.0,6.066,0.5501730103806227,2014-05-19
523,2014-05-25,131039629.0,6.037,0.5,2014-05-19
524,2014-05-26,141075789.0,6.036,0.49826989619377104,2014-05-26
525,2014-05-27,144823848.0,6.01,0.45328719723183364,2014-05-26
526,2014-05-28,148358253.0,6.008,0.4498269896193773,2014-05-26
527,2014-05-29,142841043.0,6.037,0.5,2014-05-26
528,2014-05-31,127347851.0,6.06,0.5397923875432521,2014-05-26
529,2014-06-01,136547910.0,6.036,0.49826989619377104,2014-05-26
530,2014-06-02,142136711.0,6.023,0.47577854671280234,2014-06-02
531,2014-06-03,137618360.0,6.019,0.4688581314878896,2014-06-02
532,2014-06-04,143553270.0,6.03,0.4878892733564019,2014-06-02
533,2014-06-05,143589781.0,6.023,0.47577854671280234,2014-06-02
534,2014-06-06,132254893.0,6.037,0.5,2014-06-02
535,2014-06-07,125396194.0,6.051,0.5242214532871977,2014-06-02
536,2014-06-08,137276641.0,6.038,0.501730103806229,2014-06-02
537,2014-06-09,144785508.0,6.017,0.4653979238754332,2014-06-09
538,2014-06-10,147821704.0,6.014,0.4602076124567479,2014-06-09
539,2014-06-11,145459874.0,6.025,0.47923875432526025,2014-06-09
540,2014-06-12,154490049.0,6.023,0.47577854671280234,2014-06-09
541,2014-06-13,142841387.0,6.043,0.5103806228373706,2014-06-09
542,2014-06-15,142642735.0,6.082,0.5778546712802768,2014-06-09
543,2014-06-16,147064945.0,6.029,0.48615916955017296,2014-06-16
544,2014-06-17,140883802.0,6.026,0.48096885813148765,2014-06-16
545,2014-06-18,145130043.0,6.032,0.49134948096885833,2014-06-16
546,2014-06-19,146322084.0,6.014,0.4602076124567479,2014-06-16
547,2014-06-20,134228960.0,6.04,0.5051903114186853,2014-06-16
548,2014-06-21,124259116.0,6.05,0.5224913494809688,2014-06-16
549,2014-06-22,136038204.0,6.046,0.5155709342560559,2014-06-16
550,2014-06-23,142700977.0,6.026,0.48096885813148765,2014-06-23
551,2014-06-24,142937896.0,6.019,0.4688581314878896,2014-06-23
552,2014-06-25,142855975.0,6.029,0.48615916955017296,2014-06-23
553,2014-06-26,146757564.0,6.043,0.5103806228373706,2014-06-23
554,2014-06-27,131772254.0,6.059,0.5380622837370247,2014-06-23
555,2014-06-28,125099645.0,6.048,0.5190311418685123,2014-06-23
556,2014-06-30,145735843.0,6.045,0.513840830449827,2014-06-30
557,2014-07-01,153496560.0,6.054,0.529411764705883,2014-06-30
558,2014-07-02,141831982.0,6.045,0.513840830449827,2014-06-30
559,2014-07-03,138050470.0,6.055,0.5311418685121104,2014-06-30
560,2014-07-04,134054925.0,6.106,0.6193771626297578,2014-06-30
561,2014-07-05,123189510.0,6.05,0.5224913494809688,2014-06-30
562,2014-07-06,133832552.0,6.046,0.5155709342560559,2014-06-30
563,2014-07-07,149432705.0,6.059,0.5380622837370247,2014-07-07
564,2014-07-08,163955237.0,6.013,0.45847750865051895,2014-07-07
565,2014-07-09,151996346.0,6.033,0.4930795847750873,2014-07-07
566,2014-07-10,145414607.0,6.04,0.5051903114186853,2014-07-07
567,2014-07-11,148894367.0,6.051,0.5242214532871977,2014-07-07
568,2014-07-12,132662288.0,6.054,0.529411764705883,2014-07-07
569,2014-07-13,151117392.0,6.058,0.5363321799307957,2014-07-07
570,2014-07-15,144498338.0,6.038,0.501730103806229,2014-07-14
571,2014-07-16,144052573.0,6.063,0.5449826989619374,2014-07-14
572,2014-07-17,145492009.0,6.027,0.4826989619377166,2014-07-14
573,2014-07-18,135624842.0,6.045,0.513840830449827,2014-07-14
574,2014-07-19,129449716.0,6.041,0.5069204152249143,2014-07-14
575,2014-07-20,138686182.0,6.027,0.4826989619377166,2014-07-14
576,2014-07-21,148945729.0,6.03,0.4878892733564019,2014-07-21
577,2014-07-22,156631610.0,6.057,0.5346020761245683,2014-07-21
578,2014-07-23,163019203.0,6.067,0.5519031141868517,2014-07-21
579,2014-07-24,147360582.0,6.039,0.5034602076124564,2014-07-21
580,2014-07-25,133910827.0,6.062,0.54325259515571,2014-07-21
581,2014-07-26,128532298.0,6.039,0.5034602076124564,2014-07-21
582,2014-07-27,135685970.0,6.045,0.513840830449827,2014-07-21
583,2014-07-28,143532702.0,6.038,0.501730103806229,2014-07-28
584,2014-07-30,142985545.0,6.025,0.47923875432526025,2014-07-28
585,2014-07-31,141402841.0,6.031,0.4896193771626294,2014-07-28
586,2014-08-01,138683812.0,6.04,0.5051903114186853,2014-07-28
587,2014-08-02,123096772.0,6.045,0.513840830449827,2014-07-28
588,2014-08-03,130582969.0,6.038,0.501730103806229,2014-07-28
589,2014-08-04,143479848.0,6.04,0.5051903114186853,2014-08-04
590,2014-08-05,140574816.0,6.032,0.49134948096885833,2014-08-04
591,2014-08-06,138274016.0,6.039,0.5034602076124564,2014-08-04
592,2014-08-07,137711020.0,6.043,0.5103806228373706,2014-08-04
593,2014-08-08,133095302.0,6.053,0.5276816608996541,2014-08-04
594,2014-08-09,123313193.0,6.048,0.5190311418685123,2014-08-04
595,2014-08-10,137000216.0,6.04,0.5051903114186853,2014-08-04
596,2014-08-12,143128148.0,6.005,0.4446366782006919,2014-08-11
597,2014-08-13,141797563.0,6.023,0.47577854671280234,2014-08-11
598,2014-08-15,137705575.0,6.052,0.5259515570934251,2014-08-11
599,2014-08-16,127893713.0,6.056,0.5328719723183394,2014-08-11
600,2014-08-17,136848955.0,6.035,0.49653979238754364,2014-08-11
601,2014-08-18,144186413.0,6.015,0.4619377162629753,2014-08-18
602,2014-08-19,141445987.0,6.01,0.45328719723183364,2014-08-18
603,2014-08-20,137444085.0,6.024,0.4775086505190313,2014-08-18
604,2014-08-21,137866665.0,6.043,0.5103806228373706,2014-08-18
605,2014-08-22,132144499.0,6.057,0.5346020761245683,2014-08-18
606,2014-08-23,130219136.0,6.058,0.5363321799307957,2014-08-18
607,2014-08-24,157082266.0,6.041,0.5069204152249143,2014-08-18
608,2014-08-25,138023950.0,6.043,0.5103806228373706,2014-08-25
609,2014-08-26,137079849.0,6.044,0.512110726643598,2014-08-25
610,2014-08-27,134141870.0,6.038,0.501730103806229,2014-08-25
611,2014-08-28,134361615.0,6.051,0.5242214532871977,2014-08-25
612,2014-08-30,125193571.0,6.053,0.5276816608996541,2014-08-25
613,2014-08-31,128761064.0,6.049,0.5207612456747412,2014-08-25
614,2014-09-01,147551724.0,6.039,0.5034602076124564,2014-09-01
615,2014-09-02,135903702.0,6.036,0.49826989619377104,2014-09-01
616,2014-09-03,130018418.0,6.039,0.5034602076124564,2014-09-01
617,2014-09-04,130987605.0,6.047,0.5173010380622833,2014-09-01
618,2014-09-05,119239419.0,6.064,0.5467128027681664,2014-09-01
619,2014-09-06,125858335.0,6.057,0.5346020761245683,2014-09-01
620,2014-09-07,138906409.0,6.043,0.5103806228373706,2014-09-01
621,2014-09-08,136234807.0,6.03,0.4878892733564019,2014-09-08
622,2014-09-09,130811019.0,6.049,0.5207612456747412,2014-09-08
623,2014-09-10,128911324.0,6.048,0.5190311418685123,2014-09-08
624,2014-09-11,130410566.0,6.021,0.472318339100346,2014-09-08
625,2014-09-12,119432657.0,6.07,0.557093425605537,2014-09-08
626,2014-09-14,138375352.0,6.051,0.5242214532871977,2014-09-08
627,2014-09-15,129475398.0,6.042,0.5086505190311417,2014-09-15
628,2014-09-16,130386135.0,6.042,0.5086505190311417,2014-09-15
629,2014-09-17,124789935.0,6.038,0.501730103806229,2014-09-15
630,2014-09-18,124325383.0,6.044,0.512110726643598,2014-09-15
631,2014-09-19,118053688.0,6.061,0.541522491349481,2014-09-15
632,2014-09-20,117264428.0,6.069,0.555363321799308,2014-09-15
633,2014-09-21,133716083.0,6.047,0.5173010380622833,2014-09-15
634,2014-09-22,123476415.0,6.044,0.512110726643598,2014-09-22
635,2014-09-23,125002447.0,6.038,0.501730103806229,2014-09-22
636,2014-09-24,125156216.0,6.044,0.512110726643598,2014-09-22
637,2014-09-25,120614654.0,6.028,0.484429065743944,2014-09-22
638,2014-09-26,111533658.0,6.066,0.5501730103806227,2014-09-22
639,2014-09-27,115901337.0,6.076,0.5674740484429062,2014-09-22
640,2014-09-29,128324129.0,6.039,0.5034602076124564,2014-09-29
641,2014-09-30,126055658.0,6.032,0.49134948096885833,2014-09-29
642,2014-10-01,125812180.0,6.033,0.4930795847750873,2014-09-29
643,2014-10-02,121419481.0,6.04,0.5051903114186853,2014-09-29
644,2014-10-03,117312572.0,6.073,0.5622837370242223,2014-09-29
645,2014-10-04,116486779.0,6.078,0.5709342560553641,2014-09-29
646,2014-10-05,139523409.0,6.057,0.5346020761245683,2014-09-29
647,2014-10-06,129171005.0,6.045,0.513840830449827,2014-10-06
648,2014-10-07,121225450.0,6.036,0.49826989619377104,2014-10-06
649,2014-10-08,124411283.0,6.037,0.5,2014-10-06
650,2014-10-09,123029483.0,6.045,0.513840830449827,2014-10-06
651,2014-10-10,116051859.0,6.066,0.5501730103806227,2014-10-06
652,2014-10-11,114346023.0,6.061,0.541522491349481,2014-10-06
653,2014-10-12,130713956.0,6.027,0.4826989619377166,2014-10-06
654,2014-10-14,128512152.0,6.029,0.48615916955017296,2014-10-13
655,2014-10-15,135829241.0,6.044,0.512110726643598,2014-10-13
656,2014-10-16,122743000.0,6.04,0.5051903114186853,2014-10-13
657,2014-10-17,114792284.0,6.07,0.557093425605537,2014-10-13
658,2014-10-18,116278394.0,6.075,0.5657439446366788,2014-10-13
659,2014-10-19,130776160.0,6.051,0.5242214532871977,2014-10-13
660,2014-10-20,127420882.0,6.04,0.5051903114186853,2014-10-20
661,2014-10-21,125126070.0,6.036,0.49826989619377104,2014-10-20
662,2014-10-22,128566209.0,6.032,0.49134948096885833,2014-10-20
663,2014-10-23,121913584.0,6.04,0.5051903114186853,2014-10-20
664,2014-10-24,115649691.0,6.072,0.5605536332179933,2014-10-20
665,2014-10-25,110826524.0,6.062,0.54325259515571,2014-10-20
666,2014-10-26,129752517.0,6.037,0.5,2014-10-20
667,2014-10-27,132755355.0,6.037,0.5,2014-10-27
668,2014-10-29,130453645.0,6.046,0.5155709342560559,2014-10-27
669,2014-10-30,124085417.0,6.053,0.5276816608996541,2014-10-27
670,2014-10-31,109258875.0,6.098,0.6055363321799309,2014-10-27
671,2014-11-01,113944502.0,6.068,0.5536332179930791,2014-10-27
672,2014-11-02,133606969.0,6.036,0.49826989619377104,2014-10-27
673,2014-11-03,127833184.0,6.047,0.5173010380622833,2014-11-03
674,2014-11-04,134762829.0,6.046,0.5155709342560559,2014-11-03
675,2014-11-05,134785294.0,6.048,0.5190311418685123,2014-11-03
676,2014-11-06,135007680.0,6.052,0.5259515570934251,2014-11-03
677,2014-11-07,125678051.0,6.077,0.5692041522491351,2014-11-03
678,2014-11-08,142841845.0,6.077,0.5692041522491351,2014-11-03
679,2014-11-09,179424327.0,6.07,0.557093425605537,2014-11-03
680,2014-11-10,129238541.0,6.052,0.5259515570934251,2014-11-10
681,2014-11-11,141807871.0,6.108,0.6228373702422142,2014-11-10
682,2014-11-13,124888965.0,6.066,0.5501730103806227,2014-11-10
683,2014-11-14,118044400.0,6.093,0.5968858131487891,2014-11-10
684,2014-11-15,125096927.0,6.087,0.5865051903114185,2014-11-10
685,2014-11-16,135626325.0,6.052,0.5259515570934251,2014-11-10
686,2014-11-17,132803813.0,6.056,0.5328719723183394,2014-11-17
687,2014-11-18,127822755.0,6.045,0.513840830449827,2014-11-17
688,2014-11-19,124714477.0,6.048,0.5190311418685123,2014-11-17
689,2014-11-20,122560370.0,6.055,0.5311418685121104,2014-11-17
690,2014-11-21,114985921.0,6.077,0.5692041522491351,2014-11-17
691,2014-11-22,117152440.0,6.075,0.5657439446366788,2014-11-17
692,2014-11-23,133957843.0,6.062,0.54325259515571,2014-11-17
693,2014-11-24,143096996.0,5.966,0.3771626297577858,2014-11-24
694,2014-11-25,133086823.0,5.987,0.41349480968858154,2014-11-24
695,2014-11-26,124384125.0,6.067,0.5519031141868517,2014-11-24
696,2014-11-28,110822292.0,6.086,0.584775086505191,2014-11-24
697,2014-11-29,117674916.0,6.063,0.5449826989619374,2014-11-24
698,2014-11-30,129101205.0,6.044,0.512110726643598,2014-11-24
699,2014-12-01,125881210.0,6.054,0.529411764705883,2014-12-01
700,2014-12-02,127735954.0,6.062,0.54325259515571,2014-12-01
701,2014-12-03,131759037.0,6.039,0.5034602076124564,2014-12-01
702,2014-12-04,123757639.0,6.041,0.5069204152249143,2014-12-01
703,2014-12-05,116902650.0,6.077,0.5692041522491351,2014-12-01
704,2014-12-06,118293857.0,6.079,0.5726643598615915,2014-12-01
705,2014-12-07,132370068.0,6.047,0.5173010380622833,2014-12-01
706,2014-12-08,129884098.0,6.054,0.529411764705883,2014-12-08
707,2014-12-09,126817853.0,6.049,0.5207612456747412,2014-12-08
708,2014-12-10,122623654.0,6.06,0.5397923875432521,2014-12-08
709,2014-12-11,116473012.0,6.068,0.5536332179930791,2014-12-08
710,2014-12-13,114884196.0,6.11,0.6262975778546721,2014-12-08
711,2014-12-14,127509407.0,6.07,0.557093425605537,2014-12-08
712,2014-12-15,125433744.0,6.056,0.5328719723183394,2014-12-15
713,2014-12-16,124322267.0,6.044,0.512110726643598,2014-12-15
714,2014-12-17,120496806.0,6.053,0.5276816608996541,2014-12-15
715,2014-12-18,117504122.0,6.069,0.555363321799308,2014-12-15
716,2014-12-19,113018551.0,6.093,0.5968858131487891,2014-12-15
717,2014-12-20,112583327.0,6.072,0.5605536332179933,2014-12-15
718,2014-12-21,121516989.0,6.077,0.5692041522491351,2014-12-15
719,2014-12-22,123104820.0,6.081,0.5761245674740494,2014-12-22
720,2014-12-23,123762715.0,6.115,0.6349480968858138,2014-12-22
721,2014-12-24,124850519.0,6.225,0.8252595155709341,2014-12-22
722,2014-12-25,115258226.0,6.326,1.0,2014-12-22
723,2014-12-26,108651734.0,6.116,0.6366782006920412,2014-12-22
724,2014-12-27,111597876.0,6.072,0.5605536332179933,2014-12-22
725,2014-12-28,116007311.0,6.051,0.5242214532871977,2014-12-22
726,2014-12-29,126154057.0,6.048,0.5190311418685123,2014-12-29
727,2014-12-30,127974465.0,6.06,0.5397923875432521,2014-12-29
728,2014-12-31,131867033.0,6.172,0.7335640138408304,2014-12-29
729,2015-01-01,129070698.0,6.146,0.688581314878893,2014-12-29
730,2015-01-02,126984907.0,6.066,0.5501730103806227,2014-12-29
731,2015-01-03,130111160.0,6.068,0.5536332179930791,2014-12-29
732,2015-01-04,139112977.0,6.034,0.4948096885813147,2014-12-29
733,2015-01-05,117297414.0,6.055,0.5311418685121104,2015-01-05
734,2015-01-06,144342204.0,6.048,0.5190311418685123,2015-01-05
735,2015-01-07,132986901.0,6.009,0.45155709342560624,2015-01-05
736,2015-01-08,127656374.0,6.028,0.484429065743944,2015-01-05
737,2015-01-09,120125101.0,6.043,0.5103806228373706,2015-01-05
738,2015-01-10,121068263.0,6.057,0.5346020761245683,2015-01-05
739,2015-01-11,140832768.0,6.056,0.5328719723183394,2015-01-05
740,2015-01-12,132926007.0,6.07,0.557093425605537,2015-01-12
741,2015-01-13,127527201.0,6.064,0.5467128027681664,2015-01-12
742,2015-01-14,125134751.0,6.056,0.5328719723183394,2015-01-12
743,2015-01-15,124362194.0,6.067,0.5519031141868517,2015-01-12
744,2015-01-16,116802983.0,6.089,0.5899653979238764,2015-01-12
745,2015-01-17,115723175.0,6.096,0.6020761245674744,2015-01-12
746,2015-01-18,133426601.0,6.071,0.5588235294117644,2015-01-12
747,2015-01-19,130594530.0,6.058,0.5363321799307957,2015-01-19
748,2015-01-20,129877248.0,6.057,0.5346020761245683,2015-01-19
749,2015-01-21,125990108.0,6.055,0.5311418685121104,2015-01-19
750,2015-01-22,123659882.0,6.052,0.5259515570934251,2015-01-19
751,2015-01-23,115978123.0,6.082,0.5778546712802768,2015-01-19
752,2015-01-24,117298835.0,6.088,0.5882352941176474,2015-01-19
753,2015-01-25,125175793.0,6.069,0.555363321799308,2015-01-19
754,2015-01-26,126601174.0,6.055,0.5311418685121104,2015-01-26
755,2015-01-27,126374507.0,6.052,0.5259515570934251,2015-01-26
756,2015-01-28,128298096.0,6.048,0.5190311418685123,2015-01-26
757,2015-01-29,120643238.0,6.05,0.5224913494809688,2015-01-26
758,2015-01-30,114105838.0,6.079,0.5726643598615915,2015-01-26
759,2015-01-31,115995086.0,6.108,0.6228373702422142,2015-01-26
760,2015-02-01,154862261.0,6.095,0.6003460207612454,2015-01-26
761,2015-02-02,131758089.0,6.061,0.541522491349481,2015-02-02
762,2015-02-03,123412460.0,6.052,0.5259515570934251,2015-02-02
763,2015-02-04,124285789.0,6.06,0.5397923875432521,2015-02-02
764,2015-02-05,120805016.0,6.066,0.5501730103806227,2015-02-02
765,2015-02-06,114667794.0,6.078,0.5709342560553641,2015-02-02
766,2015-02-07,116962776.0,6.088,0.5882352941176474,2015-02-02
767,2015-02-08,136360553.0,6.077,0.5692041522491351,2015-02-02
768,2015-02-09,123076887.0,6.061,0.541522491349481,2015-02-09
769,2015-02-10,119873333.0,6.06,0.5397923875432521,2015-02-09
770,2015-02-11,121731767.0,6.043,0.5103806228373706,2015-02-09
771,2015-02-12,117568493.0,6.065,0.5484429065743953,2015-02-09
772,2015-02-13,115706726.0,6.121,0.6453287197231844,2015-02-09
773,2015-02-14,112999609.0,6.184,0.7543252595155716,2015-02-09
774,2015-02-15,116041892.0,6.074,0.5640138408304498,2015-02-09
775,2015-02-16,129744286.0,6.042,0.5086505190311417,2015-02-16
776,2015-02-17,129035077.0,6.051,0.5242214532871977,2015-02-16
777,2015-02-18,127430855.0,6.04,0.5051903114186853,2015-02-16
778,2015-02-19,128774588.0,6.047,0.5173010380622833,2015-02-16
779,2015-02-20,125413498.0,6.083,0.5795847750865057,2015-02-16
780,2015-02-21,120982878.0,6.074,0.5640138408304498,2015-02-16
781,2015-02-22,136499141.0,6.073,0.5622837370242223,2015-02-16
782,2015-02-23,126674289.0,6.058,0.5363321799307957,2015-02-23
783,2015-02-24,128721779.0,6.047,0.5173010380622833,2015-02-23
784,2015-02-25,135787811.0,6.07,0.557093425605537,2015-02-23
785,2015-02-26,131508615.0,6.052,0.5259515570934251,2015-02-23
786,2015-02-27,122673350.0,6.074,0.5640138408304498,2015-02-23
787,2015-02-28,117576281.0,6.099,0.6072664359861598,2015-02-23
788,2015-03-01,130932283.0,6.088,0.5882352941176474,2015-02-23
789,2015-03-02,125949086.0,6.064,0.5467128027681664,2015-03-02
790,2015-03-03,127277080.0,6.058,0.5363321799307957,2015-03-02
791,2015-03-04,127605022.0,6.051,0.5242214532871977,2015-03-02
792,2015-03-05,126403467.0,6.053,0.5276816608996541,2015-03-02
793,2015-03-06,115633111.0,6.088,0.5882352941176474,2015-03-02
794,2015-03-07,115738631.0,6.095,0.6003460207612454,2015-03-02
795,2015-03-08,115736735.0,6.107,0.6211072664359868,2015-03-02
796,2015-03-09,127389618.0,6.058,0.5363321799307957,2015-03-09
797,2015-03-10,127260848.0,6.055,0.5311418685121104,2015-03-09
798,2015-03-11,125998753.0,6.045,0.513840830449827,2015-03-09
799,2015-03-12,119555489.0,6.05,0.5224913494809688,2015-03-09
800,2015-03-13,114508242.0,6.079,0.5726643598615915,2015-03-09
801,2015-03-14,113102576.0,6.091,0.5934256055363327,2015-03-09
802,2015-03-15,123495849.0,6.084,0.5813148788927331,2015-03-09
803,2015-03-16,122856943.0,6.056,0.5328719723183394,2015-03-16
804,2015-03-17,125052310.0,6.069,0.555363321799308,2015-03-16
805,2015-03-18,128393280.0,6.031,0.4896193771626294,2015-03-16
806,2015-03-19,124425432.0,6.041,0.5069204152249143,2015-03-16
807,2015-03-21,118574919.0,6.08,0.5743944636678204,2015-03-16
808,2015-03-22,130984463.0,6.069,0.555363321799308,2015-03-16
809,2015-03-24,126121962.0,6.053,0.5276816608996541,2015-03-23
810,2015-03-25,146440252.0,5.995,0.4273356401384085,2015-03-23
811,2015-03-26,147462221.0,6.041,0.5069204152249143,2015-03-23
812,2015-03-27,137101621.0,6.088,0.5882352941176474,2015-03-23
813,2015-03-28,139070146.0,6.085,0.5830449826989621,2015-03-23
814,2015-03-29,135387664.0,6.084,0.5813148788927331,2015-03-23
815,2015-03-30,137474189.0,6.048,0.5190311418685123,2015-03-30
816,2015-03-31,138688274.0,6.047,0.5173010380622833,2015-03-30
817,2015-04-01,129961578.0,6.048,0.5190311418685123,2015-03-30
818,2015-04-02,127287499.0,6.07,0.557093425605537,2015-03-30
819,2015-04-03,122776075.0,6.098,0.6055363321799309,2015-03-30
820,2015-04-04,130448575.0,6.071,0.5588235294117644,2015-03-30
821,2015-04-05,133179088.0,6.128,0.6574394463667825,2015-03-30
822,2015-04-06,130444573.0,6.072,0.5605536332179933,2015-04-06
823,2015-04-08,126487839.0,6.058,0.5363321799307957,2015-04-06
824,2015-04-09,123572091.0,6.063,0.5449826989619374,2015-04-06
825,2015-04-10,116584309.0,6.083,0.5795847750865057,2015-04-06
826,2015-04-11,113275685.0,6.1,0.6089965397923872,2015-04-06
827,2015-04-12,124687924.0,6.079,0.5726643598615915,2015-04-06
828,2015-04-13,123862292.0,6.075,0.5657439446366788,2015-04-13
829,2015-04-14,121628695.0,6.07,0.557093425605537,2015-04-13
830,2015-04-15,120932450.0,6.069,0.555363321799308,2015-04-13
831,2015-04-16,120182174.0,6.071,0.5588235294117644,2015-04-13
832,2015-04-17,112781237.0,6.09,0.5916955017301038,2015-04-13
833,2015-04-18,108126999.0,6.105,0.6176470588235304,2015-04-13
834,2015-04-19,122265094.0,6.084,0.5813148788927331,2015-04-13
835,2015-04-20,123271651.0,6.066,0.5501730103806227,2015-04-20
836,2015-04-22,118879604.0,6.07,0.557093425605537,2015-04-20
837,2015-04-23,118047826.0,6.06,0.5397923875432521,2015-04-20
838,2015-04-25,111683755.0,6.079,0.5726643598615915,2015-04-20
839,2015-04-26,121153404.0,6.061,0.541522491349481,2015-04-20
840,2015-04-27,125493880.0,6.02,0.47058823529411703,2015-04-27
841,2015-04-28,124394305.0,6.015,0.4619377162629753,2015-04-27
842,2015-04-29,119628471.0,6.052,0.5259515570934251,2015-04-27
843,2015-04-30,120058732.0,6.062,0.54325259515571,2015-04-27
